ID,Unnamed: 1,x,y,time,level,ipsession,session,IP,protype,wz,IP_session,layer,row,col,proj,lon,lat,location,fds,clasname,leaves,IP_session_cla,leaves_rf,label
1,403916,1520,3341,1595471,12,17,1,Q8h6gKlAxQOz,W,a2ntFMcwBGrq,yXUCZN4R0bLw,12,3341,1520,W,113.6426,42.03297,0,1,iter1cla3_iter1cla1,N,IR111Q3Ylcgv,N,N
2,404016,1520,3339,1595488,12,17,1,Q8h6gKlAxQOz,W,a2ntFMcwBGrq,yXUCZN4R0bLw,12,3339,1520,W,113.4668,42.03297,1,1,iter1cla3_iter1cla1,N,IR111Q3Ylcgv,N,N
3,404115,1520,3341,1595488,12,17,2,Q8h6gKlAxQOz,W,a2ntFMcwBGrq,yXUCZN4R0bLw,12,3341,1520,W,113.6426,42.03297,2,1,iter1cla3_iter1cla1,N,IR111Q3Ylcgv,N,N
4,405915,3042,6682,1595490,13,17,1,Q8h6gKlAxQOz,W,a2ntFMcwBGrq,yXUCZN4R0bLw,13,6682,3042,W,113.6426,41.96766,3,1,iter1cla3_iter1cla1,N,IR111Q3Ylcgv,N,N
5,406016,3041,6683,1595490,13,17,2,Q8h6gKlAxQOz,W,a2ntFMcwBGrq,yXUCZN4R0bLw,13,6683,3041,W,113.6865,42.00033,4,1,iter1cla3_iter1cla1,N,IR111Q3Ylcgv,N,N
6,418615,24349,53483.5,1595507,16,17,1,Q8h6gKlAxQOz,W,a2ntFMcwBGrq,yXUCZN4R0bLw,16,53483.5,24349,W,113.7936,41.91454,5,1,iter1cla3_iter1cla1_iter1cla2,Y,zJ27hLc2tM3j,Y,N
7,418715,24347,53485.5,1595517,16,17,1,Q8h6gKlAxQOz,W,a2ntFMcwBGrq,yXUCZN4R0bLw,16,53485.5,24347,W,113.8046,41.92272,6,1,iter1cla3_iter1cla1_iter1cla2,Y,zJ27hLc2tM3j,Y,N
8,418814,24347,53480,1595519,16,17,1,Q8h6gKlAxQOz,W,a2ntFMcwBGrq,yXUCZN4R0bLw,16,53480,24347,W,113.7744,41.92272,7,1,iter1cla3_iter1cla1_iter1cla2,Y,zJ27hLc2tM3j,Y,N
9,418914,24346,53479,1595521,16,17,1,Q8h6gKlAxQOz,W,a2ntFMcwBGrq,yXUCZN4R0bLw,16,53479,24346,W,113.7689,41.9268,8,1,iter1cla3_iter1cla1_iter1cla2,Y,zJ27hLc2tM3j,Y,N
10,419013,24346,53477,1595524,16,17,1,Q8h6gKlAxQOz,W,a2ntFMcwBGrq,yXUCZN4R0bLw,16,53477,24346,W,113.7579,41.9268,9,1,iter1cla3_iter1cla1_iter1cla2,Y,zJ27hLc2tM3j,Y,N
11,419114,24346,53476,1595527,16,17,1,Q8h6gKlAxQOz,W,a2ntFMcwBGrq,yXUCZN4R0bLw,16,53476,24346,W,113.7524,41.9268,10,1,iter1cla3_iter1cla1_iter1cla2,Y,zJ27hLc2tM3j,Y,N
12,415113,12172,26740,1595527,15,17,1,Q8h6gKlAxQOz,W,a2ntFMcwBGrq,yXUCZN4R0bLw,15,26740,12172,W,113.7744,41.93498,11,1,iter1cla3_iter1cla1_iter1cla2,Y,zJ27hLc2tM3j,Y,N
13,409714,6085,13367,1595528,14,17,2,Q8h6gKlAxQOz,W,a2ntFMcwBGrq,yXUCZN4R0bLw,14,13367,6085,W,113.7085,41.95132,12,1,iter1cla3_iter1cla1,N,IR111Q3Ylcgv,N,N
14,409813,6085,13366,1595530,14,17,2,Q8h6gKlAxQOz,W,a2ntFMcwBGrq,yXUCZN4R0bLw,14,13366,6085,W,113.6865,41.95132,13,1,iter1cla3_iter1cla1,N,IR111Q3Ylcgv,N,N
15,409911,6086,13367,1595530,14,17,3,Q8h6gKlAxQOz,W,a2ntFMcwBGrq,yXUCZN4R0bLw,14,13367,6086,W,113.7085,41.93498,14,1,iter1cla3_iter1cla1,N,IR111Q3Ylcgv,N,N
16,415213,12170,26742,1595534,15,17,1,Q8h6gKlAxQOz,W,a2ntFMcwBGrq,yXUCZN4R0bLw,15,26742,12170,W,113.7964,41.95132,15,1,iter1cla3_iter1cla1_iter1cla2,Y,zJ27hLc2tM3j,Y,N
17,415313,12170,26738,1595534,15,17,2,Q8h6gKlAxQOz,W,a2ntFMcwBGrq,yXUCZN4R0bLw,15,26738,12170,W,113.7524,41.95132,16,1,iter1cla3_iter1cla1_iter1cla2,Y,zJ27hLc2tM3j,Y,N
18,419215,24343,53481.5,1595536,16,17,1,Q8h6gKlAxQOz,W,a2ntFMcwBGrq,yXUCZN4R0bLw,16,53481.5,24343,W,113.7827,41.93906,17,1,iter1cla3_iter1cla1_iter1cla2,Y,zJ27hLc2tM3j,Y,N
19,419315,24342,53478,1595536,16,17,2,Q8h6gKlAxQOz,W,a2ntFMcwBGrq,yXUCZN4R0bLw,16,53478,24342,W,113.7634,41.94315,18,1,iter1cla3_iter1cla1_iter1cla2,Y,zJ27hLc2tM3j,Y,N
20,422713,48688.5,106959,1595541,17,17,1,Q8h6gKlAxQOz,W,a2ntFMcwBGrq,yXUCZN4R0bLw,17,106959,48688.5,W,113.7717,41.93395,19,1,iter1cla3_iter1cla1_iter1cla2,Y,zJ27hLc2tM3j,Y,N
21,422810,48686,106963,1595548,17,17,1,Q8h6gKlAxQOz,W,a2ntFMcwBGrq,yXUCZN4R0bLw,17,106963,48686,W,113.7827,41.93906,20,1,iter1cla3_iter1cla1_iter1cla2,Y,zJ27hLc2tM3j,Y,N
22,425415,97376.5,213925,1595554,18,17,1,Q8h6gKlAxQOz,W,a2ntFMcwBGrq,yXUCZN4R0bLw,18,213925,97376.5,W,113.7813,41.93447,21,1,iter1cla3_iter1cla1_iter1cla2,Y,zJ27hLc2tM3j,Y,N
23,426412,194755.5,427852.5,1595558,19,17,1,Q8h6gKlAxQOz,W,a2ntFMcwBGrq,yXUCZN4R0bLw,19,427852.5,194755.5,W,113.783,41.93319,22,1,iter1cla3_iter1cla1_iter1cla2,Y,zJ27hLc2tM3j,Y,Y
24,426511,194753,427854,1595560,19,17,1,Q8h6gKlAxQOz,W,a2ntFMcwBGrq,yXUCZN4R0bLw,19,427854,194753,W,113.784,41.93447,23,1,iter1cla3_iter1cla1_iter1cla2,Y,zJ27hLc2tM3j,Y,Y
25,426612,194754.5,427858,1595568,19,17,1,Q8h6gKlAxQOz,W,a2ntFMcwBGrq,yXUCZN4R0bLw,19,427858,194754.5,W,113.7868,41.9337,24,1,iter1cla3_iter1cla1_iter1cla2,Y,zJ27hLc2tM3j,Y,Y
26,425515,97375,213932,1595569,18,17,1,Q8h6gKlAxQOz,W,a2ntFMcwBGrq,yXUCZN4R0bLw,18,213932,97375,W,113.7909,41.936,25,1,iter1cla3_iter1cla1_iter1cla2,Y,zJ27hLc2tM3j,Y,N
27,425615,97375,213932,1595569,18,17,2,Q8h6gKlAxQOz,W,a2ntFMcwBGrq,yXUCZN4R0bLw,18,213932,97375,W,113.7909,41.936,26,1,iter1cla3_iter1cla1_iter1cla2,Y,zJ27hLc2tM3j,Y,N
28,422912,48689,106967,1595570,17,17,1,Q8h6gKlAxQOz,W,a2ntFMcwBGrq,yXUCZN4R0bLw,17,106967,48689,W,113.7936,41.93293,27,1,iter1cla3_iter1cla1_iter1cla2,Y,zJ27hLc2tM3j,Y,N
29,423013,48689,106968,1595570,17,17,2,Q8h6gKlAxQOz,W,a2ntFMcwBGrq,yXUCZN4R0bLw,17,106968,48689,W,113.7964,41.93293,28,1,iter1cla3_iter1cla1_iter1cla2,Y,zJ27hLc2tM3j,Y,N
30,415413,12170,26743,1595692,15,17,2,Q8h6gKlAxQOz,W,a2ntFMcwBGrq,yXUCZN4R0bLw,15,26743,12170,W,113.8074,41.95132,29,1,iter1cla3_iter1cla1_iter1cla2,Y,zJ27hLc2tM3j,Y,N
31,415513,12169,26746,1595692,15,17,3,Q8h6gKlAxQOz,W,a2ntFMcwBGrq,yXUCZN4R0bLw,15,26746,12169,W,113.8403,41.95949,30,1,iter1cla3_iter1cla1,N,IR111Q3Ylcgv,N,N
32,410011,6084,13374.5,1595694,14,17,3,Q8h6gKlAxQOz,W,a2ntFMcwBGrq,yXUCZN4R0bLw,14,13374.5,6084,W,113.8733,41.96766,31,1,iter1cla3_iter1cla1,N,IR111Q3Ylcgv,N,N
33,410110,6082,13375,1595696,14,17,3,Q8h6gKlAxQOz,W,a2ntFMcwBGrq,yXUCZN4R0bLw,14,13375,6082,W,113.8843,42.00033,32,1,iter1cla3_iter1cla1,N,IR111Q3Ylcgv,N,N
34,406116,3040,6686,1595700,13,17,2,Q8h6gKlAxQOz,W,a2ntFMcwBGrq,yXUCZN4R0bLw,13,6686,3040,W,113.8184,42.03297,33,1,iter1cla3_iter1cla1,N,IR111Q3Ylcgv,N,N
35,404215,1519,3340,1595702,12,17,2,Q8h6gKlAxQOz,W,a2ntFMcwBGrq,yXUCZN4R0bLw,12,3340,1519,W,113.5547,42.09822,34,1,iter1cla3_iter1cla1,N,IR111Q3Ylcgv,N,N
36,404316,1518,3348,1595712,12,17,2,Q8h6gKlAxQOz,W,a2ntFMcwBGrq,yXUCZN4R0bLw,12,3348,1518,W,114.2578,42.1634,35,1,iter1cla3_iter2cla3_iter2cla4_iter2cla1,Y,zRJ7Z0UWbqip,Y,N
37,404415,1518,3351,1595716,12,17,2,Q8h6gKlAxQOz,W,a2ntFMcwBGrq,yXUCZN4R0bLw,12,3351,1518,W,114.5215,42.1634,36,1,iter1cla3_iter1cla4_iter2cla1,N,VhKnkIkHPDBR,N,N
38,404515,1518,3351,1595716,12,17,3,Q8h6gKlAxQOz,W,a2ntFMcwBGrq,yXUCZN4R0bLw,12,3351,1518,W,114.5215,42.1634,37,1,iter1cla3_iter1cla4_iter2cla1,N,VhKnkIkHPDBR,N,N
39,406215,3039,6696.5,1595717,13,17,2,Q8h6gKlAxQOz,W,a2ntFMcwBGrq,yXUCZN4R0bLw,13,6696.5,3039,W,114.2798,42.06561,38,1,iter1cla3_iter2cla3_iter2cla4_iter2cla2,Y,C7lXIrjoDofP,Y,N
40,406317,3040,6700,1595718,13,17,3,Q8h6gKlAxQOz,W,a2ntFMcwBGrq,yXUCZN4R0bLw,13,6700,3040,W,114.4336,42.03297,39,1,iter1cla3_iter2cla3_iter2cla4_iter2cla2,Y,C7lXIrjoDofP,Y,N
41,410210,6080,13392,1595725,14,17,3,Q8h6gKlAxQOz,W,a2ntFMcwBGrq,yXUCZN4R0bLw,14,13392,6080,W,114.2578,42.03297,40,1,iter1cla3_iter1cla5,Y,YaEiQxPwYL6B,Y,N
42,410311,6078,13396,1595729,14,17,3,Q8h6gKlAxQOz,W,a2ntFMcwBGrq,yXUCZN4R0bLw,14,13396,6078,W,114.3457,42.06561,41,1,iter1cla3_iter2cla3_iter2cla4_iter2cla2,Y,C7lXIrjoDofP,Y,N
43,410411,6078,13396,1595729,14,17,4,Q8h6gKlAxQOz,W,a2ntFMcwBGrq,yXUCZN4R0bLw,14,13396,6078,W,114.3457,42.06561,42,1,iter1cla3_iter2cla3_iter2cla4_iter2cla2,Y,C7lXIrjoDofP,Y,N
44,415612,12159.5,26785,1595732,15,17,3,Q8h6gKlAxQOz,W,a2ntFMcwBGrq,yXUCZN4R0bLw,15,26785,12159.5,W,114.2688,42.03705,43,1,iter1cla3_iter1cla5,Y,YaEiQxPwYL6B,Y,N
45,415713,12161,26790,1595732,15,17,4,Q8h6gKlAxQOz,W,a2ntFMcwBGrq,yXUCZN4R0bLw,15,26790,12161,W,114.3237,42.02481,44,1,iter1cla3_iter1cla5,Y,YaEiQxPwYL6B,Y,N
46,419414,24322,53570.5,1595747,16,17,2,Q8h6gKlAxQOz,W,a2ntFMcwBGrq,yXUCZN4R0bLw,16,53570.5,24322,W,114.2715,42.02481,45,1,iter1cla3_iter1cla5,Y,YaEiQxPwYL6B,Y,N
47,423112,48646,107145,1595752,17,17,2,Q8h6gKlAxQOz,W,a2ntFMcwBGrq,yXUCZN4R0bLw,17,107145,48646,W,114.2825,42.02073,46,1,iter1cla3_iter1cla5,Y,YaEiQxPwYL6B,Y,N
48,425715,97294,214290.5,1595756,18,17,2,Q8h6gKlAxQOz,W,a2ntFMcwBGrq,yXUCZN4R0bLw,18,214290.5,97294,W,114.2832,42.01869,47,1,iter1cla3_iter1cla5,Y,YaEiQxPwYL6B,Y,Y
49,425815,97294,214294,1595756,18,17,3,Q8h6gKlAxQOz,W,a2ntFMcwBGrq,yXUCZN4R0bLw,18,214294,97294,W,114.288,42.01869,48,1,iter1cla3_iter1cla5,Y,YaEiQxPwYL6B,Y,Y
50,423213,48646,107148,1595762,17,17,2,Q8h6gKlAxQOz,W,a2ntFMcwBGrq,yXUCZN4R0bLw,17,107148,48646,W,114.2908,42.02073,49,1,iter1cla3_iter1cla5,Y,YaEiQxPwYL6B,Y,N
51,419514,24322,53576,1595763,16,17,2,Q8h6gKlAxQOz,W,a2ntFMcwBGrq,yXUCZN4R0bLw,16,53576,24322,W,114.3018,42.02481,50,1,iter1cla3_iter1cla5,Y,YaEiQxPwYL6B,Y,N
52,419615,24322,53577,1595763,16,17,3,Q8h6gKlAxQOz,W,a2ntFMcwBGrq,yXUCZN4R0bLw,16,53577,24322,W,114.3073,42.02481,51,1,iter1cla3_iter1cla5,Y,YaEiQxPwYL6B,Y,N
53,423313,48646,107149,1595763,17,17,3,Q8h6gKlAxQOz,W,a2ntFMcwBGrq,yXUCZN4R0bLw,17,107149,48646,W,114.2935,42.02073,52,1,iter1cla3_iter1cla5,Y,YaEiQxPwYL6B,Y,N
54,410511,6079,13396,1595765,14,17,4,Q8h6gKlAxQOz,W,a2ntFMcwBGrq,yXUCZN4R0bLw,14,13396,6079,W,114.3457,42.04929,53,1,iter1cla3_iter2cla3_iter2cla4_iter2cla2,Y,C7lXIrjoDofP,Y,N
55,406417,3038,6698.5,1595766,13,17,3,Q8h6gKlAxQOz,W,a2ntFMcwBGrq,yXUCZN4R0bLw,13,6698.5,3038,W,114.3677,42.09822,54,1,iter1cla3_iter2cla3_iter2cla4_iter2cla2,Y,C7lXIrjoDofP,Y,N
56,404615,1518,3349,1595768,12,17,3,Q8h6gKlAxQOz,W,a2ntFMcwBGrq,yXUCZN4R0bLw,12,3349,1518,W,114.3457,42.1634,55,1,iter1cla3_iter2cla3_iter2cla4_iter2cla1,Y,zRJ7Z0UWbqip,Y,N
57,402816,759,1676,1595769,11,17,1,Q8h6gKlAxQOz,W,a2ntFMcwBGrq,yXUCZN4R0bLw,11,1676,759,W,114.6094,42.1634,56,1,iter1cla3_iter1cla4_iter2cla1,N,VhKnkIkHPDBR,N,N
58,402915,758,1675,1595773,11,17,1,Q8h6gKlAxQOz,W,a2ntFMcwBGrq,yXUCZN4R0bLw,11,1675,758,W,114.4336,42.29356,57,1,iter1cla3_iter2cla3,N,GY9sVfSp0g4l,N,N
59,403016,757,1676,1595777,11,17,1,Q8h6gKlAxQOz,W,a2ntFMcwBGrq,yXUCZN4R0bLw,11,1676,757,W,114.6094,42.42346,58,1,iter1cla3_iter2cla3,N,GY9sVfSp0g4l,N,N
60,403115,758,1679,1595777,11,17,2,Q8h6gKlAxQOz,W,a2ntFMcwBGrq,yXUCZN4R0bLw,11,1679,758,W,115.1367,42.29356,59,1,iter1cla3_iter2cla3_iter2cla4,N,4crVV1tmoxcY,N,N
61,404715,1515,3349.5,1595783,12,17,3,Q8h6gKlAxQOz,W,a2ntFMcwBGrq,yXUCZN4R0bLw,12,3349.5,1515,W,114.3896,42.35854,60,1,iter1cla3_iter2cla3,N,GY9sVfSp0g4l,N,N
62,404815,1514,3356,1595783,12,17,4,Q8h6gKlAxQOz,W,a2ntFMcwBGrq,yXUCZN4R0bLw,12,3356,1514,W,114.9609,42.42346,61,1,iter1cla3_iter2cla3,N,GY9sVfSp0g4l,N,N
63,406517,3032,6703,1595784,13,17,3,Q8h6gKlAxQOz,W,a2ntFMcwBGrq,yXUCZN4R0bLw,13,6703,3032,W,114.5654,42.29356,62,1,iter1cla3_iter2cla3,N,GY9sVfSp0g4l,N,N
64,410611,6066.75,13405.25,1595786,14,17,4,Q8h6gKlAxQOz,W,a2ntFMcwBGrq,yXUCZN4R0bLw,14,13405.25,6066.75,W,114.549,42.24885,63,1,iter1cla3_iter2cla3_iter2cla4_iter2cla1,Y,zRJ7Z0UWbqip,Y,N
65,415813,12136,26818,1595793,15,17,4,Q8h6gKlAxQOz,W,a2ntFMcwBGrq,yXUCZN4R0bLw,15,26818,12136,W,114.6313,42.22852,64,1,iter1cla3_iter2cla3_iter2cla4_iter2cla1,Y,zRJ7Z0UWbqip,Y,N
66,415913,12132,26816,1595799,15,17,4,Q8h6gKlAxQOz,W,a2ntFMcwBGrq,yXUCZN4R0bLw,15,26816,12132,W,114.6094,42.26105,65,1,iter1cla3_iter2cla3_iter2cla4_iter2cla1,Y,zRJ7Z0UWbqip,Y,N
67,410710,6064,13409,1595805,14,17,4,Q8h6gKlAxQOz,W,a2ntFMcwBGrq,yXUCZN4R0bLw,14,13409,6064,W,114.6313,42.29356,66,1,iter1cla3_iter2cla3,N,GY9sVfSp0g4l,N,N
68,406617,3031,6700,1595807,13,17,3,Q8h6gKlAxQOz,W,a2ntFMcwBGrq,yXUCZN4R0bLw,13,6700,3031,W,114.4336,42.32606,67,1,iter1cla3_iter2cla3,N,GY9sVfSp0g4l,N,N
69,406717,3036,6707,1595809,13,17,3,Q8h6gKlAxQOz,W,a2ntFMcwBGrq,yXUCZN4R0bLw,13,6707,3036,W,114.7412,42.1634,68,1,iter1cla3_iter1cla6,Y,nQsm1BnbMhyn,Y,N
70,406816,3037,6709,1595810,13,17,4,Q8h6gKlAxQOz,W,a2ntFMcwBGrq,yXUCZN4R0bLw,13,6709,3037,W,114.8291,42.13082,69,1,iter1cla3_iter2cla3_iter2cla4,N,4crVV1tmoxcY,N,N
71,410811,6073,13408,1595814,14,17,4,Q8h6gKlAxQOz,W,a2ntFMcwBGrq,yXUCZN4R0bLw,14,13408,6073,W,114.6094,42.14711,70,1,iter1cla3_iter1cla6,Y,nQsm1BnbMhyn,Y,N
72,410911,6074,13416,1595815,14,17,5,Q8h6gKlAxQOz,W,a2ntFMcwBGrq,yXUCZN4R0bLw,14,13416,6074,W,114.7852,42.13082,71,1,iter1cla3_iter1cla6,Y,nQsm1BnbMhyn,Y,N
73,416014,12147,26821.5,1595815,15,17,4,Q8h6gKlAxQOz,W,a2ntFMcwBGrq,yXUCZN4R0bLw,15,26821.5,12147,W,114.6698,42.13897,72,1,iter1cla3_iter1cla6,Y,nQsm1BnbMhyn,Y,N
74,416114,12146,26821,1595816,15,17,5,Q8h6gKlAxQOz,W,a2ntFMcwBGrq,yXUCZN4R0bLw,15,26821,12146,W,114.6643,42.14711,73,1,iter1cla3_iter1cla6,Y,nQsm1BnbMhyn,Y,N
75,419715,24295,53647,1595818,16,17,3,Q8h6gKlAxQOz,W,a2ntFMcwBGrq,yXUCZN4R0bLw,16,53647,24295,W,114.6918,42.13489,74,1,iter1cla3_iter1cla6,Y,nQsm1BnbMhyn,Y,N
76,423413,48593,107295.5,1595823,17,17,3,Q8h6gKlAxQOz,W,a2ntFMcwBGrq,yXUCZN4R0bLw,17,107295.5,48593,W,114.6959,42.12878,75,1,iter1cla3_iter1cla6,Y,nQsm1BnbMhyn,Y,Y
77,423513,48593,107300,1595823,17,17,4,Q8h6gKlAxQOz,W,a2ntFMcwBGrq,yXUCZN4R0bLw,17,107300,48593,W,114.7083,42.12878,76,1,iter1cla3_iter1cla6,Y,nQsm1BnbMhyn,Y,Y
78,419815,24298,53647.5,1595850,16,17,3,Q8h6gKlAxQOz,W,a2ntFMcwBGrq,yXUCZN4R0bLw,16,53647.5,24298,W,114.6945,42.12267,77,1,iter1cla3_iter1cla6,Y,nQsm1BnbMhyn,Y,N
79,419915,24298,53648,1595850,16,17,4,Q8h6gKlAxQOz,W,a2ntFMcwBGrq,yXUCZN4R0bLw,16,53648,24298,W,114.6973,42.12267,78,1,iter1cla3_iter1cla6,Y,nQsm1BnbMhyn,Y,N
80,416213,12148,26828,1595851,15,17,5,Q8h6gKlAxQOz,W,a2ntFMcwBGrq,yXUCZN4R0bLw,15,26828,12148,W,114.7412,42.13082,79,1,iter1cla3_iter1cla6,Y,nQsm1BnbMhyn,Y,N
81,416312,12148,26826,1595862,15,17,5,Q8h6gKlAxQOz,W,a2ntFMcwBGrq,yXUCZN4R0bLw,15,26826,12148,W,114.7192,42.13082,80,1,iter1cla3_iter1cla6,Y,nQsm1BnbMhyn,Y,N
82,416414,12149,26829,1595863,15,17,6,Q8h6gKlAxQOz,W,a2ntFMcwBGrq,yXUCZN4R0bLw,15,26829,12149,W,114.7522,42.12267,81,1,iter1cla3_iter1cla6,Y,nQsm1BnbMhyn,Y,N
83,420015,24293,53647.5,1595936,16,17,4,Q8h6gKlAxQOz,W,a2ntFMcwBGrq,yXUCZN4R0bLw,16,53647.5,24293,W,114.6945,42.14304,82,1,iter1cla3_iter1cla6,Y,nQsm1BnbMhyn,Y,N
84,420114,24292,53647,1595939,16,17,4,Q8h6gKlAxQOz,W,a2ntFMcwBGrq,yXUCZN4R0bLw,16,53647,24292,W,114.6918,42.14711,83,1,iter1cla3_iter1cla6,Y,nQsm1BnbMhyn,Y,N
85,423614,48588.5,107295,1595940,17,17,4,Q8h6gKlAxQOz,W,a2ntFMcwBGrq,yXUCZN4R0bLw,17,107295,48588.5,W,114.6945,42.13795,84,1,iter1cla3_iter1cla6,Y,nQsm1BnbMhyn,Y,Y
86,423714,48587,107291.5,1595944,17,17,4,Q8h6gKlAxQOz,W,a2ntFMcwBGrq,yXUCZN4R0bLw,17,107291.5,48587,W,114.6849,42.14101,85,1,iter1cla3_iter1cla6,Y,nQsm1BnbMhyn,Y,Y
87,423814,48588,107292,1595945,17,17,5,Q8h6gKlAxQOz,W,a2ntFMcwBGrq,yXUCZN4R0bLw,17,107292,48588,W,114.6863,42.13897,86,1,iter1cla3_iter1cla6,Y,nQsm1BnbMhyn,Y,Y
88,420214,24292,53643,1595947,16,17,4,Q8h6gKlAxQOz,W,a2ntFMcwBGrq,yXUCZN4R0bLw,16,53643,24292,W,114.6698,42.14711,87,1,iter1cla3_iter1cla6,Y,nQsm1BnbMhyn,Y,N
89,420313,24291,53645,1595948,16,17,5,Q8h6gKlAxQOz,W,a2ntFMcwBGrq,yXUCZN4R0bLw,16,53645,24291,W,114.6808,42.15119,88,1,iter1cla3_iter1cla6,Y,nQsm1BnbMhyn,Y,N
90,416513,12145,26823,1595948,15,17,6,Q8h6gKlAxQOz,W,a2ntFMcwBGrq,yXUCZN4R0bLw,15,26823,12145,W,114.6863,42.15526,89,1,iter1cla3_iter1cla6,Y,nQsm1BnbMhyn,Y,N
91,416612,12145,26829,1595953,15,17,6,Q8h6gKlAxQOz,W,a2ntFMcwBGrq,yXUCZN4R0bLw,15,26829,12145,W,114.7522,42.15526,90,1,iter1cla3_iter1cla6,Y,nQsm1BnbMhyn,Y,N
92,416712,12145,26829,1595953,15,17,7,Q8h6gKlAxQOz,W,a2ntFMcwBGrq,yXUCZN4R0bLw,15,26829,12145,W,114.7522,42.15526,91,1,iter1cla3_iter1cla6,Y,nQsm1BnbMhyn,Y,N
93,411011,6071,13410.5,1596215,14,17,5,Q8h6gKlAxQOz,W,a2ntFMcwBGrq,yXUCZN4R0bLw,14,13410.5,6071,W,114.6643,42.17969,92,1,iter1cla3_iter1cla6,Y,nQsm1BnbMhyn,Y,N
94,404914,1517,3354,1596217,12,17,4,Q8h6gKlAxQOz,W,a2ntFMcwBGrq,yXUCZN4R0bLw,12,3354,1517,W,114.7852,42.22852,93,1,iter1cla3_iter2cla3_iter2cla4_iter2cla1,Y,zRJ7Z0UWbqip,Y,N
95,406917,3035.5,6710,1596217,13,17,4,Q8h6gKlAxQOz,W,a2ntFMcwBGrq,yXUCZN4R0bLw,13,6710,3035.5,W,114.873,42.17969,94,1,iter1cla3_iter2cla3_iter2cla4,N,4crVV1tmoxcY,N,N
96,407017,3036,6711,1596217,13,17,5,Q8h6gKlAxQOz,W,a2ntFMcwBGrq,yXUCZN4R0bLw,13,6711,3036,W,114.917,42.1634,95,1,iter1cla3_iter2cla3_iter2cla4,N,4crVV1tmoxcY,N,N
97,405014,1517,3357,1596219,12,17,4,Q8h6gKlAxQOz,W,a2ntFMcwBGrq,yXUCZN4R0bLw,12,3357,1517,W,115.0488,42.22852,96,1,iter1cla3_iter2cla3_iter2cla4,N,4crVV1tmoxcY,N,N
98,405113,1516,3358,1596220,12,17,5,Q8h6gKlAxQOz,W,a2ntFMcwBGrq,yXUCZN4R0bLw,12,3358,1516,W,115.1367,42.29356,97,1,iter1cla3_iter2cla3_iter2cla4,N,4crVV1tmoxcY,N,N
99,411111,6072.5,13416,1596223,14,17,5,Q8h6gKlAxQOz,W,a2ntFMcwBGrq,yXUCZN4R0bLw,14,13416,6072.5,W,114.7852,42.15526,98,1,iter1cla3_iter1cla6,Y,nQsm1BnbMhyn,Y,N
100,411211,6073,13417,1596223,14,17,6,Q8h6gKlAxQOz,W,a2ntFMcwBGrq,yXUCZN4R0bLw,14,13417,6073,W,114.8071,42.14711,99,1,iter1cla3_iter1cla6,Y,nQsm1BnbMhyn,Y,N
101,407115,3035.5,6711,1596312,13,17,5,Q8h6gKlAxQOz,W,a2ntFMcwBGrq,yXUCZN4R0bLw,13,6711,3035.5,W,114.917,42.17969,100,1,iter1cla3_iter2cla3_iter2cla4,N,4crVV1tmoxcY,N,N
102,407214,3033,6711,1596319,13,17,5,Q8h6gKlAxQOz,W,a2ntFMcwBGrq,yXUCZN4R0bLw,13,6711,3033,W,114.917,42.26105,101,1,iter1cla3_iter2cla3_iter2cla4,N,4crVV1tmoxcY,N,N
103,411310,6070,13411,1596325,14,17,6,Q8h6gKlAxQOz,W,a2ntFMcwBGrq,yXUCZN4R0bLw,14,13411,6070,W,114.6753,42.19597,102,1,iter1cla3_iter2cla3_iter2cla4_iter2cla1,Y,zRJ7Z0UWbqip,Y,N
104,411411,6068,13413.5,1596328,14,17,6,Q8h6gKlAxQOz,W,a2ntFMcwBGrq,yXUCZN4R0bLw,14,13413.5,6068,W,114.7302,42.22852,103,1,iter1cla3_iter2cla3_iter2cla4_iter2cla1,Y,zRJ7Z0UWbqip,Y,N
105,407316,3036,6702,1596334,13,17,5,Q8h6gKlAxQOz,W,a2ntFMcwBGrq,yXUCZN4R0bLw,13,6702,3036,W,114.5215,42.1634,104,1,iter1cla3_iter1cla4_iter2cla1,N,VhKnkIkHPDBR,N,N
106,407417,3036,6702,1596334,13,17,6,Q8h6gKlAxQOz,W,a2ntFMcwBGrq,yXUCZN4R0bLw,13,6702,3036,W,114.5215,42.1634,105,1,iter1cla3_iter1cla4_iter2cla1,N,VhKnkIkHPDBR,N,N
107,411511,6073,13407,1596336,14,17,6,Q8h6gKlAxQOz,W,a2ntFMcwBGrq,yXUCZN4R0bLw,14,13407,6073,W,114.5874,42.14711,106,1,iter1cla3_iter1cla4_iter2cla1_iter2cla2,Y,WoiXF4CIFySA,Y,N
108,416813,12145,26817,1596337,15,17,7,Q8h6gKlAxQOz,W,a2ntFMcwBGrq,yXUCZN4R0bLw,15,26817,12145,W,114.6204,42.15526,107,1,iter1cla3_iter1cla6,Y,nQsm1BnbMhyn,Y,N
109,416914,12145,26818,1596337,15,17,8,Q8h6gKlAxQOz,W,a2ntFMcwBGrq,yXUCZN4R0bLw,15,26818,12145,W,114.6313,42.15526,108,1,iter1cla3_iter1cla6,Y,nQsm1BnbMhyn,Y,N
110,411611,6074,13408,1596347,14,17,6,Q8h6gKlAxQOz,W,a2ntFMcwBGrq,yXUCZN4R0bLw,14,13408,6074,W,114.6094,42.13082,109,1,iter1cla3_iter1cla6,Y,nQsm1BnbMhyn,Y,N
111,411711,6076,13412,1596349,14,17,6,Q8h6gKlAxQOz,W,a2ntFMcwBGrq,yXUCZN4R0bLw,14,13412,6076,W,114.6973,42.09822,110,1,iter1cla3_iter1cla6,Y,nQsm1BnbMhyn,Y,N
112,411810,6077,13411.5,1596351,14,17,6,Q8h6gKlAxQOz,W,a2ntFMcwBGrq,yXUCZN4R0bLw,14,13411.5,6077,W,114.6863,42.08192,111,1,iter1cla3_iter2cla3_iter2cla4,N,4crVV1tmoxcY,N,N
113,411912,6078,13411,1596354,14,17,6,Q8h6gKlAxQOz,W,a2ntFMcwBGrq,yXUCZN4R0bLw,14,13411,6078,W,114.6753,42.06561,112,1,iter1cla3_iter2cla3_iter2cla4,N,4crVV1tmoxcY,N,N
114,412012,6068,13416,1596373,14,17,6,Q8h6gKlAxQOz,W,a2ntFMcwBGrq,yXUCZN4R0bLw,14,13416,6068,W,114.7852,42.22852,113,1,iter1cla3_iter2cla3_iter2cla4_iter2cla1,Y,zRJ7Z0UWbqip,Y,N
115,412112,6069,13408,1596375,14,17,6,Q8h6gKlAxQOz,W,a2ntFMcwBGrq,yXUCZN4R0bLw,14,13408,6069,W,114.6094,42.21225,114,1,iter1cla3_iter2cla3_iter2cla4_iter2cla1,Y,zRJ7Z0UWbqip,Y,N
116,412212,6070,13406,1596383,14,17,6,Q8h6gKlAxQOz,W,a2ntFMcwBGrq,yXUCZN4R0bLw,14,13406,6070,W,114.5654,42.19597,115,1,iter1cla3_iter1cla4_iter2cla1_iter2cla2,Y,WoiXF4CIFySA,Y,N
117,412312,6070,13403,1596407,14,17,6,Q8h6gKlAxQOz,W,a2ntFMcwBGrq,yXUCZN4R0bLw,14,13403,6070,W,114.4995,42.19597,116,1,iter1cla3_iter1cla4_iter2cla1_iter2cla2,Y,WoiXF4CIFySA,Y,N
118,412412,6069,13405,1596408,14,17,7,Q8h6gKlAxQOz,W,a2ntFMcwBGrq,yXUCZN4R0bLw,14,13405,6069,W,114.5435,42.21225,117,1,iter1cla3_iter1cla4_iter2cla1_iter2cla2,Y,WoiXF4CIFySA,Y,N
119,417014,12141.25,26812.75,1596409,15,17,8,Q8h6gKlAxQOz,W,a2ntFMcwBGrq,yXUCZN4R0bLw,15,26812.75,12141.25,W,114.5737,42.18579,118,1,iter1cla3_iter1cla4_iter2cla1_iter2cla2,Y,WoiXF4CIFySA,Y,N
120,417115,12144,26811,1596421,15,17,8,Q8h6gKlAxQOz,W,a2ntFMcwBGrq,yXUCZN4R0bLw,15,26811,12144,W,114.5544,42.1634,119,1,iter1cla3_iter1cla4_iter2cla1,N,VhKnkIkHPDBR,N,N
121,417215,12142,26810,1596425,15,17,8,Q8h6gKlAxQOz,W,a2ntFMcwBGrq,yXUCZN4R0bLw,15,26810,12142,W,114.5435,42.17969,120,1,iter1cla3_iter1cla4_iter2cla1_iter2cla2,Y,WoiXF4CIFySA,Y,N
122,417315,12140,26811,1596428,15,17,8,Q8h6gKlAxQOz,W,a2ntFMcwBGrq,yXUCZN4R0bLw,15,26811,12140,W,114.5544,42.19597,121,1,iter1cla3_iter1cla4_iter2cla1_iter2cla2,Y,WoiXF4CIFySA,Y,N
123,417414,12140,26811,1596428,15,17,9,Q8h6gKlAxQOz,W,a2ntFMcwBGrq,yXUCZN4R0bLw,15,26811,12140,W,114.5544,42.19597,122,1,iter1cla3_iter1cla4_iter2cla1_iter2cla2,Y,WoiXF4CIFySA,Y,N
124,420412,24284.75,53628.5,1596440,16,17,5,Q8h6gKlAxQOz,W,a2ntFMcwBGrq,yXUCZN4R0bLw,16,53628.5,24284.75,W,114.5901,42.17664,123,1,iter1cla3_iter1cla4_iter2cla1_iter2cla2,Y,WoiXF4CIFySA,Y,Y
125,420513,24287,53629,1596447,16,17,5,Q8h6gKlAxQOz,W,a2ntFMcwBGrq,yXUCZN4R0bLw,16,53629,24287,W,114.5929,42.16748,124,1,iter1cla3_iter1cla4_iter2cla1_iter2cla2,Y,WoiXF4CIFySA,Y,Y
126,420612,24287,53625,1596454,16,17,5,Q8h6gKlAxQOz,W,a2ntFMcwBGrq,yXUCZN4R0bLw,16,53625,24287,W,114.5709,42.16748,125,1,iter1cla3_iter1cla4_iter2cla1_iter2cla2,Y,WoiXF4CIFySA,Y,Y
127,420713,24287,53624,1596456,16,17,5,Q8h6gKlAxQOz,W,a2ntFMcwBGrq,yXUCZN4R0bLw,16,53624,24287,W,114.5654,42.16748,126,1,iter1cla3_iter1cla4_iter2cla1_iter2cla2,Y,WoiXF4CIFySA,Y,Y
128,420810,24285,53625,1596459,16,17,5,Q8h6gKlAxQOz,W,a2ntFMcwBGrq,yXUCZN4R0bLw,16,53625,24285,W,114.5709,42.17562,127,1,iter1cla3_iter1cla4_iter2cla1_iter2cla2,Y,WoiXF4CIFySA,Y,Y
129,420913,24286,53623,1596463,16,17,5,Q8h6gKlAxQOz,W,a2ntFMcwBGrq,yXUCZN4R0bLw,16,53623,24286,W,114.5599,42.17155,128,1,iter1cla3_iter1cla4_iter2cla1_iter2cla2,Y,WoiXF4CIFySA,Y,Y
130,421013,24287,53622,1596466,16,17,5,Q8h6gKlAxQOz,W,a2ntFMcwBGrq,yXUCZN4R0bLw,16,53622,24287,W,114.5544,42.16748,129,1,iter1cla3_iter1cla4_iter2cla1_iter2cla2,Y,WoiXF4CIFySA,Y,Y
131,421112,24286,53621,1596470,16,17,5,Q8h6gKlAxQOz,W,a2ntFMcwBGrq,yXUCZN4R0bLw,16,53621,24286,W,114.549,42.17155,130,1,iter1cla3_iter1cla4_iter2cla1_iter2cla2,Y,WoiXF4CIFySA,Y,Y
132,421212,24285,53621.5,1596472,16,17,5,Q8h6gKlAxQOz,W,a2ntFMcwBGrq,yXUCZN4R0bLw,16,53621.5,24285,W,114.5517,42.17562,131,1,iter1cla3_iter1cla4_iter2cla1_iter2cla2,Y,WoiXF4CIFySA,Y,Y
133,421313,24289,53620,1596478,16,17,5,Q8h6gKlAxQOz,W,a2ntFMcwBGrq,yXUCZN4R0bLw,16,53620,24289,W,114.5435,42.15933,132,1,iter1cla3_iter1cla4_iter2cla1_iter2cla2,Y,WoiXF4CIFySA,Y,Y
134,421413,24288,53619,1596480,16,17,5,Q8h6gKlAxQOz,W,a2ntFMcwBGrq,yXUCZN4R0bLw,16,53619,24288,W,114.538,42.1634,133,1,iter1cla3_iter1cla4_iter2cla1,N,VhKnkIkHPDBR,N,Y
135,421512,24289,53618,1596485,16,17,5,Q8h6gKlAxQOz,W,a2ntFMcwBGrq,yXUCZN4R0bLw,16,53618,24289,W,114.5325,42.15933,134,1,iter1cla3_iter1cla4_iter2cla1_iter2cla2,Y,WoiXF4CIFySA,Y,Y
136,421613,24291,53620.5,1596488,16,17,5,Q8h6gKlAxQOz,W,a2ntFMcwBGrq,yXUCZN4R0bLw,16,53620.5,24291,W,114.5462,42.15119,135,1,iter1cla3_iter1cla4_iter2cla1_iter2cla2,Y,WoiXF4CIFySA,Y,Y
137,417516,12144,26807,1596492,15,17,9,Q8h6gKlAxQOz,W,a2ntFMcwBGrq,yXUCZN4R0bLw,15,26807,12144,W,114.5105,42.1634,136,1,iter1cla3_iter1cla4_iter2cla1,N,VhKnkIkHPDBR,N,N
138,421713,24290,53616,1596492,16,17,5,Q8h6gKlAxQOz,W,a2ntFMcwBGrq,yXUCZN4R0bLw,16,53616,24290,W,114.5215,42.15526,137,1,iter1cla3_iter1cla4_iter2cla1_iter2cla2,Y,WoiXF4CIFySA,Y,Y
139,421813,24291,53617,1596492,16,17,6,Q8h6gKlAxQOz,W,a2ntFMcwBGrq,yXUCZN4R0bLw,16,53617,24291,W,114.527,42.15119,138,1,iter1cla3_iter1cla4_iter2cla1_iter2cla2,Y,WoiXF4CIFySA,Y,Y
140,412512,6071,13403,1596497,14,17,7,Q8h6gKlAxQOz,W,a2ntFMcwBGrq,yXUCZN4R0bLw,14,13403,6071,W,114.4995,42.17969,139,1,iter1cla3_iter1cla4_iter2cla1_iter2cla2,Y,WoiXF4CIFySA,Y,N
141,412612,6072,13402,1596499,14,17,7,Q8h6gKlAxQOz,W,a2ntFMcwBGrq,yXUCZN4R0bLw,14,13402,6072,W,114.4775,42.1634,140,1,iter1cla3_iter1cla4_iter2cla1,N,VhKnkIkHPDBR,N,N
142,417616,12142,26806.5,1596502,15,17,9,Q8h6gKlAxQOz,W,a2ntFMcwBGrq,yXUCZN4R0bLw,15,26806.5,12142,W,114.505,42.17969,141,1,iter1cla3_iter1cla4_iter2cla1_iter2cla2,Y,WoiXF4CIFySA,Y,N
143,417716,12141,26808,1596502,15,17,10,Q8h6gKlAxQOz,W,a2ntFMcwBGrq,yXUCZN4R0bLw,15,26808,12141,W,114.5215,42.18783,142,1,iter1cla3_iter1cla4_iter2cla1_iter2cla2,Y,WoiXF4CIFySA,Y,N
144,412713,6069,13401,1596505,14,17,7,Q8h6gKlAxQOz,W,a2ntFMcwBGrq,yXUCZN4R0bLw,14,13401,6069,W,114.4556,42.21225,143,1,iter1cla3_iter2cla3_iter2cla4_iter2cla1,Y,zRJ7Z0UWbqip,Y,N
145,412810,6072,13402,1596507,14,17,7,Q8h6gKlAxQOz,W,a2ntFMcwBGrq,yXUCZN4R0bLw,14,13402,6072,W,114.4775,42.1634,144,1,iter1cla3_iter1cla4_iter2cla1,N,VhKnkIkHPDBR,N,N
146,412913,6071,13399,1596509,14,17,7,Q8h6gKlAxQOz,W,a2ntFMcwBGrq,yXUCZN4R0bLw,14,13399,6071,W,114.4116,42.17969,145,1,iter1cla3_iter2cla3_iter2cla4_iter2cla1,Y,zRJ7Z0UWbqip,Y,N
147,413013,6070,13400,1596509,14,17,8,Q8h6gKlAxQOz,W,a2ntFMcwBGrq,yXUCZN4R0bLw,14,13400,6070,W,114.4336,42.19597,146,1,iter1cla3_iter2cla3_iter2cla4_iter2cla1,Y,zRJ7Z0UWbqip,Y,N
148,407516,3034,6698,1596513,13,17,6,Q8h6gKlAxQOz,W,a2ntFMcwBGrq,yXUCZN4R0bLw,13,6698,3034,W,114.3457,42.22852,147,1,iter1cla3_iter2cla3_iter2cla4_iter2cla1,Y,zRJ7Z0UWbqip,Y,N
149,407616,3033,6699,1596513,13,17,7,Q8h6gKlAxQOz,W,a2ntFMcwBGrq,yXUCZN4R0bLw,13,6699,3033,W,114.3896,42.26105,148,1,iter1cla3_iter2cla3,N,GY9sVfSp0g4l,N,N
150,405214,1516,3347,1596516,12,17,5,Q8h6gKlAxQOz,W,a2ntFMcwBGrq,yXUCZN4R0bLw,12,3347,1516,W,114.1699,42.29356,149,1,iter1cla3_iter2cla3,N,GY9sVfSp0g4l,N,N
151,405314,1514,3347,1596520,12,17,5,Q8h6gKlAxQOz,W,a2ntFMcwBGrq,yXUCZN4R0bLw,12,3347,1514,W,114.1699,42.42346,150,1,iter1cla3_iter2cla3,N,GY9sVfSp0g4l,N,N
152,405415,1514,3347,1596520,12,17,6,Q8h6gKlAxQOz,W,a2ntFMcwBGrq,yXUCZN4R0bLw,12,3347,1514,W,114.1699,42.42346,151,1,iter1cla3_iter2cla3,N,GY9sVfSp0g4l,N,N
153,403216,756,1673.5,1596521,11,17,2,Q8h6gKlAxQOz,W,a2ntFMcwBGrq,yXUCZN4R0bLw,11,1673.5,756,W,114.1699,42.55308,152,1,iter1cla3_iter2cla3,N,GY9sVfSp0g4l,N,N
154,402515,378,837,1596521,10,17,1,Q8h6gKlAxQOz,W,a2ntFMcwBGrq,yXUCZN4R0bLw,10,837,378,W,114.2578,42.55308,153,1,iter1cla3_iter2cla3,N,GY9sVfSp0g4l,N,N
155,402615,380,836.5,1596536,10,17,1,Q8h6gKlAxQOz,W,a2ntFMcwBGrq,yXUCZN4R0bLw,10,836.5,380,W,114.082,42.03297,154,1,iter1cla3_iter2cla5,Y,HaDE9Gwtumdy,N,N
156,402716,378,835,1596538,10,17,1,Q8h6gKlAxQOz,W,a2ntFMcwBGrq,yXUCZN4R0bLw,10,835,378,W,113.5547,42.55308,155,1,iter1cla3_iter2cla3,N,GY9sVfSp0g4l,N,N
157,403316,761,1674,1596549,11,17,2,Q8h6gKlAxQOz,W,a2ntFMcwBGrq,yXUCZN4R0bLw,11,1674,761,W,114.2578,41.90228,156,1,iter1cla3_iter2cla5,Y,HaDE9Gwtumdy,N,N
158,403415,762,1675,1596549,11,17,3,Q8h6gKlAxQOz,W,a2ntFMcwBGrq,yXUCZN4R0bLw,11,1675,762,W,114.4336,41.77131,157,1,iter1cla3_iter2cla3_iter2cla4,N,4crVV1tmoxcY,N,N
159,405515,1524,3342,1596558,12,17,6,Q8h6gKlAxQOz,W,a2ntFMcwBGrq,yXUCZN4R0bLw,12,3342,1524,W,113.7305,41.77131,158,1,iter1cla3_iter1cla7_iter2cla1,Y,6m2C9M7ro010,N,N
160,405615,1524,3344,1596559,12,17,7,Q8h6gKlAxQOz,W,a2ntFMcwBGrq,yXUCZN4R0bLw,12,3344,1524,W,113.9062,41.77131,159,1,iter1cla3_iter1cla7_iter2cla2,Y,cJiWliiBfJCc,Y,N
161,407715,3048,6687,1596586,13,17,7,Q8h6gKlAxQOz,W,a2ntFMcwBGrq,yXUCZN4R0bLw,13,6687,3048,W,113.8623,41.77131,160,1,iter1cla3_iter1cla7_iter2cla2,Y,cJiWliiBfJCc,Y,N
162,407816,3047,6688.5,1596588,13,17,7,Q8h6gKlAxQOz,W,a2ntFMcwBGrq,yXUCZN4R0bLw,13,6688.5,3047,W,113.9282,41.80408,161,1,iter1cla3_iter1cla7_iter2cla3,N,wgAwvlhl71YB,N,N
163,413114,6097,13375,1596589,14,17,8,Q8h6gKlAxQOz,W,a2ntFMcwBGrq,yXUCZN4R0bLw,14,13375,6097,W,113.8843,41.75492,162,1,iter1cla3_iter1cla7_iter2cla2,Y,cJiWliiBfJCc,Y,N
164,413214,6097,13376,1596592,14,17,8,Q8h6gKlAxQOz,W,a2ntFMcwBGrq,yXUCZN4R0bLw,14,13376,6097,W,113.9062,41.75492,163,1,iter1cla3_iter1cla7_iter2cla2,Y,cJiWliiBfJCc,Y,N
165,413310,6096,13377,1596592,14,17,9,Q8h6gKlAxQOz,W,a2ntFMcwBGrq,yXUCZN4R0bLw,14,13377,6096,W,113.9282,41.77131,164,1,iter1cla3_iter1cla7_iter2cla2,Y,cJiWliiBfJCc,Y,N
166,417816,12195,26749,1596593,15,17,10,Q8h6gKlAxQOz,W,a2ntFMcwBGrq,yXUCZN4R0bLw,15,26749,12195,W,113.8733,41.74673,165,1,iter1cla3_iter1cla7_iter2cla2,Y,cJiWliiBfJCc,Y,N
167,421913,24392,53496,1596594,16,17,6,Q8h6gKlAxQOz,W,a2ntFMcwBGrq,yXUCZN4R0bLw,16,53496,24392,W,113.8623,41.73853,166,1,iter1cla3_iter1cla7_iter2cla2,Y,cJiWliiBfJCc,Y,N
168,423914,48784,106992.5,1596597,17,17,5,Q8h6gKlAxQOz,W,a2ntFMcwBGrq,yXUCZN4R0bLw,17,106992.5,48784,W,113.8637,41.73853,167,1,iter1cla3_iter1cla7_iter2cla2,Y,cJiWliiBfJCc,Y,Y
169,424013,48785,106998,1596599,17,17,6,Q8h6gKlAxQOz,W,a2ntFMcwBGrq,yXUCZN4R0bLw,17,106998,48785,W,113.8788,41.73648,168,1,iter1cla3_iter1cla7_iter2cla2,Y,cJiWliiBfJCc,Y,Y
170,417915,12194,26746,1596600,15,17,10,Q8h6gKlAxQOz,W,a2ntFMcwBGrq,yXUCZN4R0bLw,15,26746,12194,W,113.8403,41.75492,169,1,iter1cla3_iter1cla7_iter2cla2,Y,cJiWliiBfJCc,Y,N
171,422010,24390,53494,1596600,16,17,6,Q8h6gKlAxQOz,W,a2ntFMcwBGrq,yXUCZN4R0bLw,16,53494,24390,W,113.8513,41.74673,170,1,iter1cla3_iter1cla7_iter2cla2,Y,cJiWliiBfJCc,Y,N
172,422110,24389,53496,1596600,16,17,7,Q8h6gKlAxQOz,W,a2ntFMcwBGrq,yXUCZN4R0bLw,16,53496,24389,W,113.8623,41.75082,171,1,iter1cla3_iter1cla7_iter2cla2,Y,cJiWliiBfJCc,Y,N
173,405714,1524,3341,1596613,12,17,7,Q8h6gKlAxQOz,W,a2ntFMcwBGrq,yXUCZN4R0bLw,12,3341,1524,W,113.6426,41.77131,172,1,iter1cla3_iter1cla7_iter2cla1,Y,6m2C9M7ro010,N,N
174,403516,757,1671,1596614,11,17,3,Q8h6gKlAxQOz,W,a2ntFMcwBGrq,yXUCZN4R0bLw,11,1671,757,W,113.7305,42.42346,173,1,iter1cla3_iter2cla3,N,GY9sVfSp0g4l,N,N
175,407915,3047,6684,1596614,13,17,7,Q8h6gKlAxQOz,W,a2ntFMcwBGrq,yXUCZN4R0bLw,13,6684,3047,W,113.7305,41.80408,174,1,iter1cla3_iter1cla7_iter2cla1,Y,6m2C9M7ro010,N,N
176,408016,3046,6685,1596614,13,17,8,Q8h6gKlAxQOz,W,a2ntFMcwBGrq,yXUCZN4R0bLw,13,6685,3046,W,113.7744,41.83683,175,1,iter1cla3_iter1cla7_iter2cla1,Y,6m2C9M7ro010,N,N
177,418016,12194,26752,1596614,15,17,10,Q8h6gKlAxQOz,W,a2ntFMcwBGrq,yXUCZN4R0bLw,15,26752,12194,W,113.9062,41.75492,176,1,iter1cla3_iter1cla7_iter2cla2,Y,cJiWliiBfJCc,Y,N
178,418116,12193,26753,1596614,15,17,11,Q8h6gKlAxQOz,W,a2ntFMcwBGrq,yXUCZN4R0bLw,15,26753,12193,W,113.9172,41.76312,177,1,iter1cla3_iter1cla7_iter2cla2,Y,cJiWliiBfJCc,Y,N
179,413410,6081,13393.75,1596676,14,17,9,Q8h6gKlAxQOz,W,a2ntFMcwBGrq,yXUCZN4R0bLw,14,13393.75,6081,W,114.2963,42.01665,178,1,iter1cla3_iter1cla5,Y,YaEiQxPwYL6B,Y,N
180,413513,6080,13398,1596677,14,17,10,Q8h6gKlAxQOz,W,a2ntFMcwBGrq,yXUCZN4R0bLw,14,13398,6080,W,114.3896,42.03297,179,1,iter1cla3_iter2cla3_iter2cla4_iter2cla2,Y,C7lXIrjoDofP,Y,N
181,408116,3040,6691,1596711,13,17,8,Q8h6gKlAxQOz,W,a2ntFMcwBGrq,yXUCZN4R0bLw,13,6691,3040,W,114.0381,42.03297,180,1,iter1cla3_iter2cla5,Y,HaDE9Gwtumdy,N,N
182,408215,3040,6691,1596711,13,17,9,Q8h6gKlAxQOz,W,a2ntFMcwBGrq,yXUCZN4R0bLw,13,6691,3040,W,114.0381,42.03297,181,1,iter1cla3_iter2cla5,Y,HaDE9Gwtumdy,N,N
183,418215,12167,26769,1596712,15,17,11,Q8h6gKlAxQOz,W,a2ntFMcwBGrq,yXUCZN4R0bLw,15,26769,12167,W,114.093,41.97583,182,1,iter1cla3_iter2cla5,Y,HaDE9Gwtumdy,N,N
184,418316,12168,26772,1596712,15,17,12,Q8h6gKlAxQOz,W,a2ntFMcwBGrq,yXUCZN4R0bLw,15,26772,12168,W,114.126,41.96766,183,1,iter1cla3_iter2cla5,Y,HaDE9Gwtumdy,N,N
185,422212,24332,53542.5,1596712,16,17,7,Q8h6gKlAxQOz,W,a2ntFMcwBGrq,yXUCZN4R0bLw,16,53542.5,24332,W,114.1177,41.98399,184,1,iter1cla3_iter2cla5,Y,HaDE9Gwtumdy,N,N
186,422312,24387,53518,1596733,16,17,7,Q8h6gKlAxQOz,W,a2ntFMcwBGrq,yXUCZN4R0bLw,16,53518,24387,W,113.9832,41.75902,185,1,iter1cla3_iter1cla7_iter2cla3_iter2cla4_iter3cla2_iter3cla1,Y,dp7217QAcEP5,Y,N
187,422412,24388,53520,1596733,16,17,8,Q8h6gKlAxQOz,W,a2ntFMcwBGrq,yXUCZN4R0bLw,16,53520,24388,W,113.9941,41.75492,186,1,iter1cla3_iter1cla7_iter2cla3_iter2cla4_iter3cla2,N,nR7HCpJwosNq,N,N
188,424114,48775.4,107033.4,1596737,17,17,6,Q8h6gKlAxQOz,W,a2ntFMcwBGrq,yXUCZN4R0bLw,17,107033.4,48775.4,W,113.976,41.75615,187,1,iter1cla3_iter1cla7_iter2cla3_iter2cla4_iter3cla2_iter3cla1,Y,dp7217QAcEP5,Y,N
189,424214,48774,107033,1596738,17,17,7,Q8h6gKlAxQOz,W,a2ntFMcwBGrq,yXUCZN4R0bLw,17,107033,48774,W,113.9749,41.75902,188,1,iter1cla3_iter1cla7_iter2cla3_iter2cla4_iter3cla2_iter3cla1,Y,dp7217QAcEP5,Y,N
190,425914,97553,214067.5,1596740,18,17,3,Q8h6gKlAxQOz,W,a2ntFMcwBGrq,yXUCZN4R0bLw,18,214067.5,97553,W,113.977,41.7539,189,1,iter1cla3_iter1cla7_iter2cla3_iter2cla4_iter3cla2_iter3cla1,Y,dp7217QAcEP5,Y,Y
191,426014,97553.5,214066,1596748,18,17,3,Q8h6gKlAxQOz,W,a2ntFMcwBGrq,yXUCZN4R0bLw,18,214066,97553.5,W,113.9749,41.75339,190,1,iter1cla3_iter1cla7_iter2cla3_iter2cla4_iter3cla2_iter3cla1,Y,dp7217QAcEP5,Y,Y
192,424314,48691,106965,1596799,17,17,7,Q8h6gKlAxQOz,W,a2ntFMcwBGrq,yXUCZN4R0bLw,17,106965,48691,W,113.7881,41.92885,191,1,iter1cla3_iter1cla1_iter1cla2,Y,zJ27hLc2tM3j,Y,N
193,424413,48698,106967.5,1596806,17,17,7,Q8h6gKlAxQOz,W,a2ntFMcwBGrq,yXUCZN4R0bLw,17,106967.5,48698,W,113.795,41.91454,192,1,iter1cla3_iter1cla1_iter1cla2,Y,zJ27hLc2tM3j,Y,N
194,408315,3043,6695,1596831,13,17,9,Q8h6gKlAxQOz,W,a2ntFMcwBGrq,yXUCZN4R0bLw,13,6695,3043,W,114.2139,41.93498,193,1,iter1cla3_iter2cla5,Y,HaDE9Gwtumdy,N,N
195,408415,3043,6696,1596834,13,17,9,Q8h6gKlAxQOz,W,a2ntFMcwBGrq,yXUCZN4R0bLw,13,6696,3043,W,114.2578,41.93498,194,1,iter1cla3_iter2cla5,Y,HaDE9Gwtumdy,N,N
196,408515,3046,6691.5,1596837,13,17,9,Q8h6gKlAxQOz,W,a2ntFMcwBGrq,yXUCZN4R0bLw,13,6691.5,3046,W,114.0601,41.83683,195,1,iter1cla3_iter1cla7_iter2cla3,N,wgAwvlhl71YB,N,N
197,408615,3048,6690,1596839,13,17,9,Q8h6gKlAxQOz,W,a2ntFMcwBGrq,yXUCZN4R0bLw,13,6690,3048,W,113.9941,41.77131,196,1,iter1cla3_iter1cla7_iter2cla3,N,wgAwvlhl71YB,N,N
198,408715,3048,6692,1596841,13,17,9,Q8h6gKlAxQOz,W,a2ntFMcwBGrq,yXUCZN4R0bLw,13,6692,3048,W,114.082,41.77131,197,1,iter1cla3_iter1cla7_iter2cla3,N,wgAwvlhl71YB,N,N
199,408816,3049,6694.5,1596843,13,17,9,Q8h6gKlAxQOz,W,a2ntFMcwBGrq,yXUCZN4R0bLw,13,6694.5,3049,W,114.1919,41.73853,198,1,iter1cla3_iter1cla7_iter2cla3,N,wgAwvlhl71YB,N,N
200,408916,3050,6692.333,1596847,13,17,9,Q8h6gKlAxQOz,W,a2ntFMcwBGrq,yXUCZN4R0bLw,13,6692.333,3050,W,114.0967,41.70573,199,1,iter1cla3_iter1cla7_iter2cla3,N,wgAwvlhl71YB,N,N
201,409015,3051,6688,1596856,13,17,9,Q8h6gKlAxQOz,W,a2ntFMcwBGrq,yXUCZN4R0bLw,13,6688,3051,W,113.9062,41.67291,200,1,iter1cla3_iter1cla7_iter2cla3_iter2cla5,Y,1JBkuazUZdMy,N,N
202,409115,3051,6687,1596862,13,17,9,Q8h6gKlAxQOz,W,a2ntFMcwBGrq,yXUCZN4R0bLw,13,6687,3051,W,113.8623,41.67291,201,1,iter1cla3_iter1cla7_iter2cla3_iter2cla5,Y,1JBkuazUZdMy,N,N
203,409215,3051,6688,1596862,13,17,10,Q8h6gKlAxQOz,W,a2ntFMcwBGrq,yXUCZN4R0bLw,13,6688,3051,W,113.9062,41.67291,202,1,iter1cla3_iter1cla7_iter2cla3_iter2cla5,Y,1JBkuazUZdMy,N,N
204,413613,6102,13378.5,1596863,14,17,10,Q8h6gKlAxQOz,W,a2ntFMcwBGrq,yXUCZN4R0bLw,14,13378.5,6102,W,113.9612,41.67291,203,1,iter1cla3_iter1cla7_iter2cla3_iter2cla5,Y,1JBkuazUZdMy,N,N
205,413710,6104,13379,1596875,14,17,10,Q8h6gKlAxQOz,W,a2ntFMcwBGrq,yXUCZN4R0bLw,14,13379,6104,W,113.9722,41.64008,204,1,iter1cla3_iter1cla7_iter2cla6,Y,bQlGiABAWv8P,Y,N
206,413814,6104,13377,1596879,14,17,10,Q8h6gKlAxQOz,W,a2ntFMcwBGrq,yXUCZN4R0bLw,14,13377,6104,W,113.9282,41.64008,205,1,iter1cla3_iter1cla7_iter2cla3_iter2cla5,Y,1JBkuazUZdMy,N,N
207,413914,6105,13379,1596881,14,17,10,Q8h6gKlAxQOz,W,a2ntFMcwBGrq,yXUCZN4R0bLw,14,13379,6105,W,113.9722,41.62366,206,1,iter1cla3_iter1cla7_iter2cla6,Y,bQlGiABAWv8P,Y,N
208,414014,6103,13376,1596884,14,17,10,Q8h6gKlAxQOz,W,a2ntFMcwBGrq,yXUCZN4R0bLw,14,13376,6103,W,113.9062,41.6565,207,1,iter1cla3_iter1cla7_iter2cla3_iter2cla5,Y,1JBkuazUZdMy,N,N
209,414114,6101,13377,1596894,14,17,10,Q8h6gKlAxQOz,W,a2ntFMcwBGrq,yXUCZN4R0bLw,14,13377,6101,W,113.9282,41.68932,208,1,iter1cla3_iter1cla7_iter2cla3_iter2cla5,Y,1JBkuazUZdMy,N,N
210,414210,6103,13375,1596899,14,17,10,Q8h6gKlAxQOz,W,a2ntFMcwBGrq,yXUCZN4R0bLw,14,13375,6103,W,113.8843,41.6565,209,1,iter1cla3_iter1cla7_iter2cla3_iter2cla5,Y,1JBkuazUZdMy,N,N
211,414310,6101,13376,1596907,14,17,10,Q8h6gKlAxQOz,W,a2ntFMcwBGrq,yXUCZN4R0bLw,14,13376,6101,W,113.9062,41.68932,210,1,iter1cla3_iter1cla7_iter2cla3_iter2cla5,Y,1JBkuazUZdMy,N,N
212,414414,6100,13377,1596909,14,17,10,Q8h6gKlAxQOz,W,a2ntFMcwBGrq,yXUCZN4R0bLw,14,13377,6100,W,113.9282,41.70573,211,1,iter1cla3_iter1cla7_iter2cla3_iter2cla5,Y,1JBkuazUZdMy,N,N
213,414513,6099,13376,1596913,14,17,10,Q8h6gKlAxQOz,W,a2ntFMcwBGrq,yXUCZN4R0bLw,14,13376,6099,W,113.9062,41.72213,212,1,iter1cla3_iter1cla7_iter2cla3_iter2cla5,Y,1JBkuazUZdMy,N,N
214,414610,6099,13378,1596920,14,17,10,Q8h6gKlAxQOz,W,a2ntFMcwBGrq,yXUCZN4R0bLw,14,13378,6099,W,113.9502,41.72213,213,1,iter1cla3_iter1cla7_iter2cla3_iter2cla5,Y,1JBkuazUZdMy,N,N
215,414714,6097,13379,1596924,14,17,10,Q8h6gKlAxQOz,W,a2ntFMcwBGrq,yXUCZN4R0bLw,14,13379,6097,W,113.9722,41.75492,214,1,iter1cla3_iter1cla7_iter2cla3_iter2cla4_iter3cla2,N,nR7HCpJwosNq,N,N
216,414814,6097,13378.5,1596941,14,17,10,Q8h6gKlAxQOz,W,a2ntFMcwBGrq,yXUCZN4R0bLw,14,13378.5,6097,W,113.9612,41.75492,215,1,iter1cla3_iter1cla7_iter2cla3_iter2cla4_iter3cla2,N,nR7HCpJwosNq,N,N
217,414913,6095,13379.5,1596944,14,17,10,Q8h6gKlAxQOz,W,a2ntFMcwBGrq,yXUCZN4R0bLw,14,13379.5,6095,W,113.9832,41.7877,216,1,iter1cla3_iter1cla7_iter2cla3,N,wgAwvlhl71YB,N,N
218,418416,12193,26754,1596967,15,17,12,Q8h6gKlAxQOz,W,a2ntFMcwBGrq,yXUCZN4R0bLw,15,26754,12193,W,113.9282,41.76312,217,1,iter1cla3_iter1cla7_iter2cla2,Y,cJiWliiBfJCc,Y,N
219,424514,48773,107034.5,1597119,17,17,8,Q8h6gKlAxQOz,W,a2ntFMcwBGrq,yXUCZN4R0bLw,17,107034.5,48773,W,113.979,41.76107,218,1,iter1cla3_iter1cla7_iter2cla3_iter2cla4_iter3cla2_iter3cla1,Y,dp7217QAcEP5,Y,N
220,424613,48773,107033,1597123,17,17,8,Q8h6gKlAxQOz,W,a2ntFMcwBGrq,yXUCZN4R0bLw,17,107033,48773,W,113.9749,41.76107,219,1,iter1cla3_iter1cla7_iter2cla3_iter2cla4_iter3cla2_iter3cla1,Y,dp7217QAcEP5,Y,N
221,426114,97549,214068,1597125,18,17,4,Q8h6gKlAxQOz,W,a2ntFMcwBGrq,yXUCZN4R0bLw,18,214068,97549,W,113.9777,41.758,220,1,iter1cla3_iter1cla7_iter2cla3_iter2cla4_iter3cla2_iter3cla1,Y,dp7217QAcEP5,Y,Y
222,424714,48774.5,107031,1597126,17,17,8,Q8h6gKlAxQOz,W,a2ntFMcwBGrq,yXUCZN4R0bLw,17,107031,48774.5,W,113.9694,41.758,221,1,iter1cla3_iter1cla7_iter2cla3_iter2cla4_iter3cla2_iter3cla1,Y,dp7217QAcEP5,Y,N
223,424814,48772,107034,1597132,17,17,8,Q8h6gKlAxQOz,W,a2ntFMcwBGrq,yXUCZN4R0bLw,17,107034,48772,W,113.9777,41.76312,222,1,iter1cla3_iter1cla7_iter2cla3_iter2cla4_iter3cla2_iter3cla1,Y,dp7217QAcEP5,Y,N
224,426213,97545,214065,1597134,18,17,4,Q8h6gKlAxQOz,W,a2ntFMcwBGrq,yXUCZN4R0bLw,18,214065,97545,W,113.9735,41.76209,223,1,iter1cla3_iter1cla7_iter2cla3_iter2cla4_iter3cla2_iter3cla1,Y,dp7217QAcEP5,Y,Y
225,426312,97539,214070,1597147,18,17,4,Q8h6gKlAxQOz,W,a2ntFMcwBGrq,yXUCZN4R0bLw,18,214070,97539,W,113.9804,41.76824,224,1,iter1cla3_iter1cla7_iter2cla3_iter2cla4_iter3cla2_iter3cla1,Y,dp7217QAcEP5,Y,Y
226,424915,48648,107145.5,1597153,17,17,8,Q8h6gKlAxQOz,W,a2ntFMcwBGrq,yXUCZN4R0bLw,17,107145.5,48648,W,114.2839,42.01665,225,1,iter1cla3_iter1cla5,Y,YaEiQxPwYL6B,Y,N
227,425015,48646,107149,1597159,17,17,8,Q8h6gKlAxQOz,W,a2ntFMcwBGrq,yXUCZN4R0bLw,17,107149,48646,W,114.2935,42.02073,226,1,iter1cla3_iter1cla5,Y,YaEiQxPwYL6B,Y,N
228,425115,48648,107149,1597161,17,17,8,Q8h6gKlAxQOz,W,a2ntFMcwBGrq,yXUCZN4R0bLw,17,107149,48648,W,114.2935,42.01665,227,1,iter1cla3_iter1cla5,Y,YaEiQxPwYL6B,Y,N
229,425214,48645,107149,1597169,17,17,8,Q8h6gKlAxQOz,W,a2ntFMcwBGrq,yXUCZN4R0bLw,17,107149,48645,W,114.2935,42.02277,228,1,iter1cla3_iter1cla5,Y,YaEiQxPwYL6B,Y,N
230,425315,48644,107140,1597174,17,17,8,Q8h6gKlAxQOz,W,a2ntFMcwBGrq,yXUCZN4R0bLw,17,107140,48644,W,114.2688,42.02481,229,1,iter1cla3_iter1cla5,Y,YaEiQxPwYL6B,Y,N
231,403616,757,1679,1597299,11,17,4,Q8h6gKlAxQOz,W,a2ntFMcwBGrq,yXUCZN4R0bLw,11,1679,757,W,115.1367,42.42346,230,1,iter1cla3_iter2cla3_iter2cla4,N,4crVV1tmoxcY,N,N
232,403716,759,1679,1597318,11,17,4,Q8h6gKlAxQOz,W,a2ntFMcwBGrq,yXUCZN4R0bLw,11,1679,759,W,115.1367,42.1634,231,1,iter1cla3_iter2cla3,N,GY9sVfSp0g4l,N,N
233,403816,760,1680,1597324,11,17,4,Q8h6gKlAxQOz,W,a2ntFMcwBGrq,yXUCZN4R0bLw,11,1680,760,W,115.3125,42.03297,232,1,iter1cla3_iter2cla3,N,GY9sVfSp0g4l,N,N
234,405816,1520,3352,1597327,12,17,8,Q8h6gKlAxQOz,W,a2ntFMcwBGrq,yXUCZN4R0bLw,12,3352,1520,W,114.6094,42.03297,233,1,iter1cla3_iter2cla3_iter2cla4_iter2cla2,Y,C7lXIrjoDofP,Y,N
235,409415,3039,6701,1597334,13,17,11,Q8h6gKlAxQOz,W,a2ntFMcwBGrq,yXUCZN4R0bLw,13,6701,3039,W,114.4775,42.06561,234,1,iter1cla3_iter2cla3_iter2cla4_iter2cla2,Y,C7lXIrjoDofP,Y,N
236,415013,6078,13403,1597343,14,17,11,Q8h6gKlAxQOz,W,a2ntFMcwBGrq,yXUCZN4R0bLw,14,13403,6078,W,114.4995,42.06561,235,1,iter1cla3_iter2cla3_iter2cla4_iter2cla2,Y,C7lXIrjoDofP,Y,N
237,418516,12159.5,26801.5,1597346,15,17,13,Q8h6gKlAxQOz,W,a2ntFMcwBGrq,yXUCZN4R0bLw,15,26801.5,12159.5,W,114.4501,42.03705,236,1,iter1cla3_iter2cla3_iter2cla4_iter2cla2,Y,C7lXIrjoDofP,Y,N
238,422512,24320,53605,1597354,16,17,9,Q8h6gKlAxQOz,W,a2ntFMcwBGrq,yXUCZN4R0bLw,16,53605,24320,W,114.4611,42.03297,237,1,iter1cla3_iter2cla3_iter2cla4_iter2cla2,Y,C7lXIrjoDofP,Y,Y
239,422613,24318,53603.5,1597360,16,17,9,Q8h6gKlAxQOz,W,a2ntFMcwBGrq,yXUCZN4R0bLw,16,53603.5,24318,W,114.4528,42.04113,238,1,iter1cla3_iter2cla3_iter2cla4_iter2cla2,Y,C7lXIrjoDofP,Y,Y
240,433516,24318,53606,1597360,16,18,1,Q8h6gKlAxQOz,W,a2ntFMcwBGrq,yXUCZN4R0bLw,16,53606,24318,W,114.4666,42.04113,239,1,iter1cla3_iter2cla3_iter2cla4_iter2cla2,Y,C7lXIrjoDofP,Y,Y
241,433616,24318,53606,1597360,16,18,2,Q8h6gKlAxQOz,W,a2ntFMcwBGrq,yXUCZN4R0bLw,16,53606,24318,W,114.4666,42.04113,240,1,iter1cla3_iter2cla3_iter2cla4_iter2cla2,Y,C7lXIrjoDofP,Y,Y
